{
  "type": "FeatureCollection",
  "generator": "overpass-turbo",
  "copyright": "The data included in this document is from www.openstreetmap.org. The data is made available under ODbL.",
  "timestamp": "2026-06-03T17:53:30Z",
  "features": [
    {
      "type": "Feature",
      "properties": {
        "@id": "way/1418642748",
        "amenity": "parking_space",
        "parking_space": "motorcycle"
      },
      "geometry": {
        "type": "Polygon",
        "coordinates": [
          [
            [
              1.9761875,
              41.4485563
            ],
            [
              1.976185,
              41.4485739
            ],
            [
              1.9761689,
              41.4485727
            ],
            [
              1.976172,
              41.4485547
            ],
            [
              1.9761875,
              41.4485563
            ]
          ]
        ]
      },
      "id": "way/1418642748"
    },
    {
      "type": "Feature",
      "properties": {
        "@id": "way/1418642749",
        "amenity": "parking_space",
        "parking_space": "motorcycle"
      },
      "geometry": {
        "type": "Polygon",
        "coordinates": [
          [
            [
              1.9762033,
              41.4485576
            ],
            [
              1.9762008,
              41.4485752
            ],
            [
              1.976185,
              41.4485739
            ],
            [
              1.9761875,
              41.4485563
            ],
            [
              1.9762033,
              41.4485576
            ]
          ]
        ]
      },
      "id": "way/1418642749"
    },
    {
      "type": "Feature",
      "properties": {
        "@id": "way/1418642753",
        "amenity": "parking_space",
        "parking_space": "motorcycle"
      },
      "geometry": {
        "type": "Polygon",
        "coordinates": [
          [
            [
              1.9766855,
              41.4486036
            ],
            [
              1.9766828,
              41.4486195
            ],
            [
              1.9766692,
              41.4486182
            ],
            [
              1.9766719,
              41.4486023
            ],
            [
              1.9766855,
              41.4486036
            ]
          ]
        ]
      },
      "id": "way/1418642753"
    },
    {
      "type": "Feature",
      "properties": {
        "@id": "way/1418642754",
        "amenity": "parking_space",
        "parking_space": "motorcycle"
      },
      "geometry": {
        "type": "Polygon",
        "coordinates": [
          [
            [
              1.9766991,
              41.448605
            ],
            [
              1.9766964,
              41.4486207
            ],
            [
              1.9766828,
              41.4486195
            ],
            [
              1.9766855,
              41.4486036
            ],
            [
              1.9766991,
              41.448605
            ]
          ]
        ]
      },
      "id": "way/1418642754"
    },
    {
      "type": "Feature",
      "properties": {
        "@id": "way/1418642755",
        "amenity": "parking_space",
        "parking_space": "motorcycle"
      },
      "geometry": {
        "type": "Polygon",
        "coordinates": [
          [
            [
              1.9767127,
              41.4486063
            ],
            [
              1.97671,
              41.448622
            ],
            [
              1.9766964,
              41.4486207
            ],
            [
              1.9766991,
              41.448605
            ],
            [
              1.9767127,
              41.4486063
            ]
          ]
        ]
      },
      "id": "way/1418642755"
    },
    {
      "type": "Feature",
      "properties": {
        "@id": "way/1418642756",
        "amenity": "parking_space",
        "parking_space": "motorcycle"
      },
      "geometry": {
        "type": "Polygon",
        "coordinates": [
          [
            [
              1.9767263,
              41.4486076
            ],
            [
              1.9767236,
              41.4486233
            ],
            [
              1.97671,
              41.448622
            ],
            [
              1.9767127,
              41.4486063
            ],
            [
              1.9767263,
              41.4486076
            ]
          ]
        ]
      },
      "id": "way/1418642756"
    },
    {
      "type": "Feature",
      "properties": {
        "@id": "way/1418642757",
        "amenity": "parking_space",
        "parking_space": "motorcycle"
      },
      "geometry": {
        "type": "Polygon",
        "coordinates": [
          [
            [
              1.9767399,
              41.448609
            ],
            [
              1.9767373,
              41.4486246
            ],
            [
              1.9767236,
              41.4486233
            ],
            [
              1.9767263,
              41.4486076
            ],
            [
              1.9767399,
              41.448609
            ]
          ]
        ]
      },
      "id": "way/1418642757"
    },
    {
      "type": "Feature",
      "properties": {
        "@id": "way/1418642759",
        "amenity": "parking_space",
        "parking_space": "motorcycle"
      },
      "geometry": {
        "type": "Polygon",
        "coordinates": [
          [
            [
              1.9764028,
              41.4485764
            ],
            [
              1.9764003,
              41.448594
            ],
            [
              1.9763844,
              41.4485927
            ],
            [
              1.976387,
              41.4485749
            ],
            [
              1.9764028,
              41.4485764
            ]
          ]
        ]
      },
      "id": "way/1418642759"
    },
    {
      "type": "Feature",
      "properties": {
        "@id": "way/1418642760",
        "amenity": "parking_space",
        "parking_space": "motorcycle"
      },
      "geometry": {
        "type": "Polygon",
        "coordinates": [
          [
            [
              1.9764186,
              41.4485777
            ],
            [
              1.9764161,
              41.4485953
            ],
            [
              1.9764003,
              41.448594
            ],
            [
              1.9764028,
              41.4485764
            ],
            [
              1.9764186,
              41.4485777
            ]
          ]
        ]
      },
      "id": "way/1418642760"
    },
    {
      "type": "Feature",
      "properties": {
        "@id": "way/1418642761",
        "amenity": "parking_space",
        "parking_space": "motorcycle"
      },
      "geometry": {
        "type": "Polygon",
        "coordinates": [
          [
            [
              1.9764344,
              41.448579
            ],
            [
              1.9764319,
              41.4485965
            ],
            [
              1.9764161,
              41.4485953
            ],
            [
              1.9764186,
              41.4485777
            ],
            [
              1.9764344,
              41.448579
            ]
          ]
        ]
      },
      "id": "way/1418642761"
    },
    {
      "type": "Feature",
      "properties": {
        "@id": "way/1418974518",
        "amenity": "parking_space",
        "parking_space": "motorcycle"
      },
      "geometry": {
        "type": "Polygon",
        "coordinates": [
          [
            [
              1.974239,
              41.4495788
            ],
            [
              1.9742695,
              41.4495748
            ],
            [
              1.9742781,
              41.4495808
            ],
            [
              1.9742481,
              41.4495849
            ],
            [
              1.974239,
              41.4495788
            ]
          ]
        ]
      },
      "id": "way/1418974518"
    },
    {
      "type": "Feature",
      "properties": {
        "@id": "way/1418974519",
        "amenity": "parking_space",
        "parking_space": "motorcycle"
      },
      "geometry": {
        "type": "Polygon",
        "coordinates": [
          [
            [
              1.9742298,
              41.4495728
            ],
            [
              1.9742609,
              41.4495689
            ],
            [
              1.9742695,
              41.4495748
            ],
            [
              1.974239,
              41.4495788
            ],
            [
              1.9742298,
              41.4495728
            ]
          ]
        ]
      },
      "id": "way/1418974519"
    },
    {
      "type": "Feature",
      "properties": {
        "@id": "way/1418974520",
        "amenity": "parking_space",
        "parking_space": "motorcycle"
      },
      "geometry": {
        "type": "Polygon",
        "coordinates": [
          [
            [
              1.9742207,
              41.4495668
            ],
            [
              1.9742523,
              41.449563
            ],
            [
              1.9742609,
              41.4495689
            ],
            [
              1.9742298,
              41.4495728
            ],
            [
              1.9742207,
              41.4495668
            ]
          ]
        ]
      },
      "id": "way/1418974520"
    },
    {
      "type": "Feature",
      "properties": {
        "@id": "way/1418974521",
        "amenity": "parking_space",
        "parking_space": "motorcycle"
      },
      "geometry": {
        "type": "Polygon",
        "coordinates": [
          [
            [
              1.9742115,
              41.4495607
            ],
            [
              1.9742437,
              41.449557
            ],
            [
              1.9742523,
              41.449563
            ],
            [
              1.9742207,
              41.4495668
            ],
            [
              1.9742115,
              41.4495607
            ]
          ]
        ]
      },
      "id": "way/1418974521"
    },
    {
      "type": "Feature",
      "properties": {
        "@id": "way/1418974522",
        "amenity": "parking_space",
        "parking_space": "motorcycle"
      },
      "geometry": {
        "type": "Polygon",
        "coordinates": [
          [
            [
              1.9742024,
              41.4495547
            ],
            [
              1.9742351,
              41.4495511
            ],
            [
              1.9742437,
              41.449557
            ],
            [
              1.9742115,
              41.4495607
            ],
            [
              1.9742024,
              41.4495547
            ]
          ]
        ]
      },
      "id": "way/1418974522"
    },
    {
      "type": "Feature",
      "properties": {
        "@id": "way/1424665081",
        "amenity": "parking_space",
        "parking_space": "motorcycle"
      },
      "geometry": {
        "type": "Polygon",
        "coordinates": [
          [
            [
              1.9712271,
              41.449461
            ],
            [
              1.9712227,
              41.4494678
            ],
            [
              1.9711972,
              41.4494524
            ],
            [
              1.9712013,
              41.4494472
            ],
            [
              1.9712271,
              41.449461
            ]
          ]
        ]
      },
      "id": "way/1424665081"
    },
    {
      "type": "Feature",
      "properties": {
        "@id": "way/1424665082",
        "amenity": "parking_space",
        "parking_space": "motorcycle"
      },
      "geometry": {
        "type": "Polygon",
        "coordinates": [
          [
            [
              1.9712314,
              41.4494541
            ],
            [
              1.9712271,
              41.449461
            ],
            [
              1.9712013,
              41.4494472
            ],
            [
              1.9712061,
              41.4494411
            ],
            [
              1.9712314,
              41.4494541
            ]
          ]
        ]
      },
      "id": "way/1424665082"
    },
    {
      "type": "Feature",
      "properties": {
        "@id": "way/1424869502",
        "amenity": "parking_space",
        "parking_space": "motorcycle"
      },
      "geometry": {
        "type": "Polygon",
        "coordinates": [
          [
            [
              1.9725532,
              41.4501871
            ],
            [
              1.9725626,
              41.4501679
            ],
            [
              1.9725766,
              41.4501718
            ],
            [
              1.9725672,
              41.4501909
            ],
            [
              1.9725532,
              41.4501871
            ]
          ]
        ]
      },
      "id": "way/1424869502"
    },
    {
      "type": "Feature",
      "properties": {
        "@id": "way/1424869503",
        "amenity": "parking_space",
        "parking_space": "motorcycle"
      },
      "geometry": {
        "type": "Polygon",
        "coordinates": [
          [
            [
              1.9725391,
              41.4501832
            ],
            [
              1.9725485,
              41.4501641
            ],
            [
              1.9725626,
              41.4501679
            ],
            [
              1.9725532,
              41.4501871
            ],
            [
              1.9725391,
              41.4501832
            ]
          ]
        ]
      },
      "id": "way/1424869503"
    },
    {
      "type": "Feature",
      "properties": {
        "@id": "way/1424869504",
        "amenity": "parking_space",
        "parking_space": "motorcycle"
      },
      "geometry": {
        "type": "Polygon",
        "coordinates": [
          [
            [
              1.9725251,
              41.4501793
            ],
            [
              1.9725344,
              41.4501602
            ],
            [
              1.9725485,
              41.4501641
            ],
            [
              1.9725391,
              41.4501832
            ],
            [
              1.9725251,
              41.4501793
            ]
          ]
        ]
      },
      "id": "way/1424869504"
    },
    {
      "type": "Feature",
      "properties": {
        "@id": "way/1424869505",
        "amenity": "parking_space",
        "parking_space": "motorcycle"
      },
      "geometry": {
        "type": "Polygon",
        "coordinates": [
          [
            [
              1.972511,
              41.4501755
            ],
            [
              1.9725204,
              41.4501563
            ],
            [
              1.9725344,
              41.4501602
            ],
            [
              1.9725251,
              41.4501793
            ],
            [
              1.972511,
              41.4501755
            ]
          ]
        ]
      },
      "id": "way/1424869505"
    },
    {
      "type": "Feature",
      "properties": {
        "@id": "way/1442920188",
        "amenity": "parking_space",
        "parking_space": "motorcycle"
      },
      "geometry": {
        "type": "Polygon",
        "coordinates": [
          [
            [
              1.9706089,
              41.4491248
            ],
            [
              1.9705878,
              41.449138
            ],
            [
              1.9705816,
              41.4491324
            ],
            [
              1.9706028,
              41.4491193
            ],
            [
              1.9706089,
              41.4491248
            ]
          ]
        ]
      },
      "id": "way/1442920188"
    },
    {
      "type": "Feature",
      "properties": {
        "@id": "way/1442920189",
        "amenity": "parking_space",
        "parking_space": "motorcycle"
      },
      "geometry": {
        "type": "Polygon",
        "coordinates": [
          [
            [
              1.9706151,
              41.4491304
            ],
            [
              1.970594,
              41.4491435
            ],
            [
              1.9705878,
              41.449138
            ],
            [
              1.9706089,
              41.4491248
            ],
            [
              1.9706151,
              41.4491304
            ]
          ]
        ]
      },
      "id": "way/1442920189"
    },
    {
      "type": "Feature",
      "properties": {
        "@id": "way/1442920190",
        "amenity": "parking_space",
        "parking_space": "motorcycle"
      },
      "geometry": {
        "type": "Polygon",
        "coordinates": [
          [
            [
              1.9706213,
              41.4491359
            ],
            [
              1.9706001,
              41.4491491
            ],
            [
              1.970594,
              41.4491435
            ],
            [
              1.9706151,
              41.4491304
            ],
            [
              1.9706213,
              41.4491359
            ]
          ]
        ]
      },
      "id": "way/1442920190"
    },
    {
      "type": "Feature",
      "properties": {
        "@id": "way/1442920191",
        "amenity": "parking_space",
        "parking_space": "motorcycle"
      },
      "geometry": {
        "type": "Polygon",
        "coordinates": [
          [
            [
              1.9706274,
              41.4491415
            ],
            [
              1.9706063,
              41.4491546
            ],
            [
              1.9706001,
              41.4491491
            ],
            [
              1.9706213,
              41.4491359
            ],
            [
              1.9706274,
              41.4491415
            ]
          ]
        ]
      },
      "id": "way/1442920191"
    },
    {
      "type": "Feature",
      "properties": {
        "@id": "way/1455853342",
        "amenity": "parking_space",
        "parking_space": "motorcycle"
      },
      "geometry": {
        "type": "Polygon",
        "coordinates": [
          [
            [
              1.9707571,
              41.448173
            ],
            [
              1.9707297,
              41.4481557
            ],
            [
              1.9707404,
              41.4481458
            ],
            [
              1.9707685,
              41.4481629
            ],
            [
              1.9707571,
              41.448173
            ]
          ]
        ]
      },
      "id": "way/1455853342"
    },
    {
      "type": "Feature",
      "properties": {
        "@id": "way/1455853343",
        "amenity": "parking_space",
        "parking_space": "motorcycle"
      },
      "geometry": {
        "type": "Polygon",
        "coordinates": [
          [
            [
              1.9707464,
              41.4481829
            ],
            [
              1.9707183,
              41.4481656
            ],
            [
              1.9707297,
              41.4481557
            ],
            [
              1.9707571,
              41.448173
            ],
            [
              1.9707464,
              41.4481829
            ]
          ]
        ]
      },
      "id": "way/1455853343"
    },
    {
      "type": "Feature",
      "properties": {
        "@id": "way/1455853371",
        "amenity": "parking_space",
        "parking_space": "motorcycle"
      },
      "geometry": {
        "type": "Polygon",
        "coordinates": [
          [
            [
              1.9703182,
              41.4482964
            ],
            [
              1.9702925,
              41.4483153
            ],
            [
              1.9702833,
              41.4483083
            ],
            [
              1.9703089,
              41.4482893
            ],
            [
              1.9703182,
              41.4482964
            ]
          ]
        ]
      },
      "id": "way/1455853371"
    },
    {
      "type": "Feature",
      "properties": {
        "@id": "way/1455853372",
        "amenity": "parking_space",
        "parking_space": "motorcycle"
      },
      "geometry": {
        "type": "Polygon",
        "coordinates": [
          [
            [
              1.9703274,
              41.4483034
            ],
            [
              1.9703018,
              41.4483224
            ],
            [
              1.9702925,
              41.4483153
            ],
            [
              1.9703182,
              41.4482964
            ],
            [
              1.9703274,
              41.4483034
            ]
          ]
        ]
      },
      "id": "way/1455853372"
    },
    {
      "type": "Feature",
      "properties": {
        "@id": "way/1457004563",
        "amenity": "parking_space",
        "parking_space": "motorcycle"
      },
      "geometry": {
        "type": "Polygon",
        "coordinates": [
          [
            [
              1.9680023,
              41.4489182
            ],
            [
              1.967989,
              41.4489019
            ],
            [
              1.9680007,
              41.4488966
            ],
            [
              1.968014,
              41.4489129
            ],
            [
              1.9680023,
              41.4489182
            ]
          ]
        ]
      },
      "id": "way/1457004563"
    },
    {
      "type": "Feature",
      "properties": {
        "@id": "way/1457004564",
        "amenity": "parking_space",
        "parking_space": "motorcycle"
      },
      "geometry": {
        "type": "Polygon",
        "coordinates": [
          [
            [
              1.9679907,
              41.4489236
            ],
            [
              1.9679774,
              41.4489072
            ],
            [
              1.967989,
              41.4489019
            ],
            [
              1.9680023,
              41.4489182
            ],
            [
              1.9679907,
              41.4489236
            ]
          ]
        ]
      },
      "id": "way/1457004564"
    },
    {
      "type": "Feature",
      "properties": {
        "@id": "way/1457004565",
        "amenity": "parking_space",
        "parking_space": "motorcycle"
      },
      "geometry": {
        "type": "Polygon",
        "coordinates": [
          [
            [
              1.9679791,
              41.4489289
            ],
            [
              1.9679658,
              41.4489125
            ],
            [
              1.9679774,
              41.4489072
            ],
            [
              1.9679907,
              41.4489236
            ],
            [
              1.9679791,
              41.4489289
            ]
          ]
        ]
      },
      "id": "way/1457004565"
    },
    {
      "type": "Feature",
      "properties": {
        "@id": "way/1457004589",
        "amenity": "parking_space",
        "parking_space": "motorcycle"
      },
      "geometry": {
        "type": "Polygon",
        "coordinates": [
          [
            [
              1.9712464,
              41.4472989
            ],
            [
              1.9712565,
              41.4472927
            ],
            [
              1.9712757,
              41.4473089
            ],
            [
              1.9712654,
              41.4473151
            ],
            [
              1.9712464,
              41.4472989
            ]
          ]
        ]
      },
      "id": "way/1457004589"
    },
    {
      "type": "Feature",
      "properties": {
        "@id": "way/1457004590",
        "amenity": "parking_space",
        "parking_space": "motorcycle"
      },
      "geometry": {
        "type": "Polygon",
        "coordinates": [
          [
            [
              1.9712362,
              41.4473051
            ],
            [
              1.9712464,
              41.4472989
            ],
            [
              1.9712654,
              41.4473151
            ],
            [
              1.9712552,
              41.4473214
            ],
            [
              1.9712362,
              41.4473051
            ]
          ]
        ]
      },
      "id": "way/1457004590"
    },
    {
      "type": "Feature",
      "properties": {
        "@id": "way/1457004591",
        "amenity": "parking_space",
        "parking_space": "motorcycle"
      },
      "geometry": {
        "type": "Polygon",
        "coordinates": [
          [
            [
              1.9712261,
              41.4473112
            ],
            [
              1.9712362,
              41.4473051
            ],
            [
              1.9712552,
              41.4473214
            ],
            [
              1.971245,
              41.4473277
            ],
            [
              1.9712261,
              41.4473112
            ]
          ]
        ]
      },
      "id": "way/1457004591"
    },
    {
      "type": "Feature",
      "properties": {
        "@id": "way/1457004592",
        "amenity": "parking_space",
        "parking_space": "motorcycle"
      },
      "geometry": {
        "type": "Polygon",
        "coordinates": [
          [
            [
              1.9712159,
              41.4473174
            ],
            [
              1.9712261,
              41.4473112
            ],
            [
              1.971245,
              41.4473277
            ],
            [
              1.9712348,
              41.4473339
            ],
            [
              1.9712159,
              41.4473174
            ]
          ]
        ]
      },
      "id": "way/1457004592"
    },
    {
      "type": "Feature",
      "properties": {
        "@id": "way/1457004593",
        "amenity": "parking_space",
        "parking_space": "motorcycle"
      },
      "geometry": {
        "type": "Polygon",
        "coordinates": [
          [
            [
              1.9712058,
              41.4473236
            ],
            [
              1.9712159,
              41.4473174
            ],
            [
              1.9712348,
              41.4473339
            ],
            [
              1.9712246,
              41.4473402
            ],
            [
              1.9712058,
              41.4473236
            ]
          ]
        ]
      },
      "id": "way/1457004593"
    },
    {
      "type": "Feature",
      "properties": {
        "@id": "way/1457010169",
        "amenity": "parking_space",
        "parking_space": "motorcycle"
      },
      "geometry": {
        "type": "Polygon",
        "coordinates": [
          [
            [
              1.9714898,
              41.4504762
            ],
            [
              1.9714654,
              41.4504614
            ],
            [
              1.9714732,
              41.4504542
            ],
            [
              1.9714977,
              41.4504692
            ],
            [
              1.9714898,
              41.4504762
            ]
          ]
        ]
      },
      "id": "way/1457010169"
    },
    {
      "type": "Feature",
      "properties": {
        "@id": "way/1457010170",
        "amenity": "parking_space",
        "parking_space": "motorcycle"
      },
      "geometry": {
        "type": "Polygon",
        "coordinates": [
          [
            [
              1.9714819,
              41.4504833
            ],
            [
              1.9714576,
              41.4504686
            ],
            [
              1.9714654,
              41.4504614
            ],
            [
              1.9714898,
              41.4504762
            ],
            [
              1.9714819,
              41.4504833
            ]
          ]
        ]
      },
      "id": "way/1457010170"
    },
    {
      "type": "Feature",
      "properties": {
        "@id": "way/1457010171",
        "amenity": "parking_space",
        "parking_space": "motorcycle"
      },
      "geometry": {
        "type": "Polygon",
        "coordinates": [
          [
            [
              1.971474,
              41.4504904
            ],
            [
              1.9714498,
              41.4504758
            ],
            [
              1.9714576,
              41.4504686
            ],
            [
              1.9714819,
              41.4504833
            ],
            [
              1.971474,
              41.4504904
            ]
          ]
        ]
      },
      "id": "way/1457010171"
    },
    {
      "type": "Feature",
      "properties": {
        "@id": "way/1457010172",
        "amenity": "parking_space",
        "parking_space": "motorcycle"
      },
      "geometry": {
        "type": "Polygon",
        "coordinates": [
          [
            [
              1.9714661,
              41.4504974
            ],
            [
              1.971442,
              41.450483
            ],
            [
              1.9714498,
              41.4504758
            ],
            [
              1.971474,
              41.4504904
            ],
            [
              1.9714661,
              41.4504974
            ]
          ]
        ]
      },
      "id": "way/1457010172"
    },
    {
      "type": "Feature",
      "properties": {
        "@id": "way/1457010173",
        "amenity": "parking_space",
        "parking_space": "motorcycle"
      },
      "geometry": {
        "type": "Polygon",
        "coordinates": [
          [
            [
              1.9714582,
              41.4505045
            ],
            [
              1.9714342,
              41.4504901
            ],
            [
              1.971442,
              41.450483
            ],
            [
              1.9714661,
              41.4504974
            ],
            [
              1.9714582,
              41.4505045
            ]
          ]
        ]
      },
      "id": "way/1457010173"
    },
    {
      "type": "Feature",
      "properties": {
        "@id": "way/1457010174",
        "amenity": "parking_space",
        "parking_space": "motorcycle"
      },
      "geometry": {
        "type": "Polygon",
        "coordinates": [
          [
            [
              1.9714503,
              41.4505116
            ],
            [
              1.9714264,
              41.4504973
            ],
            [
              1.9714342,
              41.4504901
            ],
            [
              1.9714582,
              41.4505045
            ],
            [
              1.9714503,
              41.4505116
            ]
          ]
        ]
      },
      "id": "way/1457010174"
    },
    {
      "type": "Feature",
      "properties": {
        "@id": "way/1457010175",
        "amenity": "parking_space",
        "parking_space": "motorcycle"
      },
      "geometry": {
        "type": "Polygon",
        "coordinates": [
          [
            [
              1.9714424,
              41.4505186
            ],
            [
              1.9714186,
              41.4505045
            ],
            [
              1.9714264,
              41.4504973
            ],
            [
              1.9714503,
              41.4505116
            ],
            [
              1.9714424,
              41.4505186
            ]
          ]
        ]
      },
      "id": "way/1457010175"
    },
    {
      "type": "Feature",
      "properties": {
        "@id": "way/1457010176",
        "amenity": "parking_space",
        "parking_space": "motorcycle"
      },
      "geometry": {
        "type": "Polygon",
        "coordinates": [
          [
            [
              1.9714345,
              41.4505257
            ],
            [
              1.9714108,
              41.4505117
            ],
            [
              1.9714186,
              41.4505045
            ],
            [
              1.9714424,
              41.4505186
            ],
            [
              1.9714345,
              41.4505257
            ]
          ]
        ]
      },
      "id": "way/1457010176"
    },
    {
      "type": "Feature",
      "properties": {
        "@id": "way/1457010177",
        "amenity": "parking_space",
        "parking_space": "motorcycle"
      },
      "geometry": {
        "type": "Polygon",
        "coordinates": [
          [
            [
              1.9714266,
              41.4505327
            ],
            [
              1.971403,
              41.4505189
            ],
            [
              1.9714108,
              41.4505117
            ],
            [
              1.9714345,
              41.4505257
            ],
            [
              1.9714266,
              41.4505327
            ]
          ]
        ]
      },
      "id": "way/1457010177"
    },
    {
      "type": "Feature",
      "properties": {
        "@id": "way/1457010178",
        "amenity": "parking_space",
        "parking_space": "motorcycle"
      },
      "geometry": {
        "type": "Polygon",
        "coordinates": [
          [
            [
              1.9714187,
              41.4505398
            ],
            [
              1.9713952,
              41.4505261
            ],
            [
              1.971403,
              41.4505189
            ],
            [
              1.9714266,
              41.4505327
            ],
            [
              1.9714187,
              41.4505398
            ]
          ]
        ]
      },
      "id": "way/1457010178"
    },
    {
      "type": "Feature",
      "properties": {
        "@id": "way/1457010179",
        "amenity": "parking_space",
        "parking_space": "motorcycle"
      },
      "geometry": {
        "type": "Polygon",
        "coordinates": [
          [
            [
              1.9714108,
              41.4505469
            ],
            [
              1.9713874,
              41.4505333
            ],
            [
              1.9713952,
              41.4505261
            ],
            [
              1.9714187,
              41.4505398
            ],
            [
              1.9714108,
              41.4505469
            ]
          ]
        ]
      },
      "id": "way/1457010179"
    },
    {
      "type": "Feature",
      "properties": {
        "@id": "way/1457010180",
        "amenity": "parking_space",
        "parking_space": "motorcycle"
      },
      "geometry": {
        "type": "Polygon",
        "coordinates": [
          [
            [
              1.9714029,
              41.4505539
            ],
            [
              1.9713796,
              41.4505405
            ],
            [
              1.9713874,
              41.4505333
            ],
            [
              1.9714108,
              41.4505469
            ],
            [
              1.9714029,
              41.4505539
            ]
          ]
        ]
      },
      "id": "way/1457010180"
    },
    {
      "type": "Feature",
      "properties": {
        "@id": "way/1457010193",
        "amenity": "parking_space",
        "parking_space": "motorcycle"
      },
      "geometry": {
        "type": "Polygon",
        "coordinates": [
          [
            [
              1.9708421,
              41.4508513
            ],
            [
              1.9708344,
              41.4508592
            ],
            [
              1.9708094,
              41.450847
            ],
            [
              1.9708169,
              41.4508388
            ],
            [
              1.9708421,
              41.4508513
            ]
          ]
        ]
      },
      "id": "way/1457010193"
    },
    {
      "type": "Feature",
      "properties": {
        "@id": "way/1457010194",
        "amenity": "parking_space",
        "parking_space": "motorcycle"
      },
      "geometry": {
        "type": "Polygon",
        "coordinates": [
          [
            [
              1.9708497,
              41.4508434
            ],
            [
              1.9708421,
              41.4508513
            ],
            [
              1.9708169,
              41.4508388
            ],
            [
              1.9708244,
              41.4508306
            ],
            [
              1.9708497,
              41.4508434
            ]
          ]
        ]
      },
      "id": "way/1457010194"
    },
    {
      "type": "Feature",
      "properties": {
        "@id": "way/1457010195",
        "amenity": "parking_space",
        "parking_space": "motorcycle"
      },
      "geometry": {
        "type": "Polygon",
        "coordinates": [
          [
            [
              1.9708573,
              41.4508356
            ],
            [
              1.9708497,
              41.4508434
            ],
            [
              1.9708244,
              41.4508306
            ],
            [
              1.9708318,
              41.4508223
            ],
            [
              1.9708573,
              41.4508356
            ]
          ]
        ]
      },
      "id": "way/1457010195"
    },
    {
      "type": "Feature",
      "properties": {
        "@id": "way/1457010196",
        "amenity": "parking_space",
        "parking_space": "motorcycle"
      },
      "geometry": {
        "type": "Polygon",
        "coordinates": [
          [
            [
              1.970865,
              41.4508277
            ],
            [
              1.9708573,
              41.4508356
            ],
            [
              1.9708318,
              41.4508223
            ],
            [
              1.9708393,
              41.4508141
            ],
            [
              1.970865,
              41.4508277
            ]
          ]
        ]
      },
      "id": "way/1457010196"
    },
    {
      "type": "Feature",
      "properties": {
        "@id": "way/1457010197",
        "amenity": "parking_space",
        "parking_space": "motorcycle"
      },
      "geometry": {
        "type": "Polygon",
        "coordinates": [
          [
            [
              1.9708726,
              41.4508198
            ],
            [
              1.970865,
              41.4508277
            ],
            [
              1.9708393,
              41.4508141
            ],
            [
              1.9708468,
              41.4508059
            ],
            [
              1.9708726,
              41.4508198
            ]
          ]
        ]
      },
      "id": "way/1457010197"
    },
    {
      "type": "Feature",
      "properties": {
        "@id": "way/1457010198",
        "amenity": "parking_space",
        "parking_space": "motorcycle"
      },
      "geometry": {
        "type": "Polygon",
        "coordinates": [
          [
            [
              1.9708802,
              41.450812
            ],
            [
              1.9708726,
              41.4508198
            ],
            [
              1.9708468,
              41.4508059
            ],
            [
              1.9708542,
              41.4507976
            ],
            [
              1.9708802,
              41.450812
            ]
          ]
        ]
      },
      "id": "way/1457010198"
    },
    {
      "type": "Feature",
      "properties": {
        "@id": "way/1457010199",
        "amenity": "parking_space",
        "parking_space": "motorcycle"
      },
      "geometry": {
        "type": "Polygon",
        "coordinates": [
          [
            [
              1.9708879,
              41.4508041
            ],
            [
              1.9708802,
              41.450812
            ],
            [
              1.9708542,
              41.4507976
            ],
            [
              1.9708617,
              41.4507894
            ],
            [
              1.9708879,
              41.4508041
            ]
          ]
        ]
      },
      "id": "way/1457010199"
    },
    {
      "type": "Feature",
      "properties": {
        "@id": "way/1457010200",
        "amenity": "parking_space",
        "parking_space": "motorcycle"
      },
      "geometry": {
        "type": "Polygon",
        "coordinates": [
          [
            [
              1.9708955,
              41.4507962
            ],
            [
              1.9708879,
              41.4508041
            ],
            [
              1.9708617,
              41.4507894
            ],
            [
              1.9708692,
              41.4507812
            ],
            [
              1.9708955,
              41.4507962
            ]
          ]
        ]
      },
      "id": "way/1457010200"
    },
    {
      "type": "Feature",
      "properties": {
        "@id": "way/1457010201",
        "amenity": "parking_space",
        "parking_space": "motorcycle"
      },
      "geometry": {
        "type": "Polygon",
        "coordinates": [
          [
            [
              1.9709031,
              41.4507884
            ],
            [
              1.9708955,
              41.4507962
            ],
            [
              1.9708692,
              41.4507812
            ],
            [
              1.9708766,
              41.450773
            ],
            [
              1.9709031,
              41.4507884
            ]
          ]
        ]
      },
      "id": "way/1457010201"
    },
    {
      "type": "Feature",
      "properties": {
        "@id": "way/1457011985",
        "amenity": "parking_space",
        "parking_space": "motorcycle"
      },
      "geometry": {
        "type": "Polygon",
        "coordinates": [
          [
            [
              1.9736671,
              41.4484418
            ],
            [
              1.9736619,
              41.4484152
            ],
            [
              1.9736727,
              41.4484097
            ],
            [
              1.9736767,
              41.4484363
            ],
            [
              1.9736671,
              41.4484418
            ]
          ]
        ]
      },
      "id": "way/1457011985"
    },
    {
      "type": "Feature",
      "properties": {
        "@id": "way/1457011986",
        "amenity": "parking_space",
        "parking_space": "motorcycle"
      },
      "geometry": {
        "type": "Polygon",
        "coordinates": [
          [
            [
              1.9736575,
              41.4484474
            ],
            [
              1.9736512,
              41.4484207
            ],
            [
              1.9736619,
              41.4484152
            ],
            [
              1.9736671,
              41.4484418
            ],
            [
              1.9736575,
              41.4484474
            ]
          ]
        ]
      },
      "id": "way/1457011986"
    },
    {
      "type": "Feature",
      "properties": {
        "@id": "way/1457011987",
        "amenity": "parking_space",
        "parking_space": "motorcycle"
      },
      "geometry": {
        "type": "Polygon",
        "coordinates": [
          [
            [
              1.9736481,
              41.4484523
            ],
            [
              1.9736405,
              41.4484263
            ],
            [
              1.9736512,
              41.4484207
            ],
            [
              1.9736575,
              41.4484474
            ],
            [
              1.9736481,
              41.4484523
            ]
          ]
        ]
      },
      "id": "way/1457011987"
    },
    {
      "type": "Feature",
      "properties": {
        "@id": "way/1457017549",
        "amenity": "parking_space",
        "parking_space": "motorcycle"
      },
      "geometry": {
        "type": "Polygon",
        "coordinates": [
          [
            [
              1.974502,
              41.4481848
            ],
            [
              1.9744832,
              41.4481962
            ],
            [
              1.9744748,
              41.4481885
            ],
            [
              1.9744937,
              41.4481771
            ],
            [
              1.974502,
              41.4481848
            ]
          ]
        ]
      },
      "id": "way/1457017549"
    },
    {
      "type": "Feature",
      "properties": {
        "@id": "way/1457017550",
        "amenity": "parking_space",
        "parking_space": "motorcycle"
      },
      "geometry": {
        "type": "Polygon",
        "coordinates": [
          [
            [
              1.9745104,
              41.4481926
            ],
            [
              1.9744915,
              41.448204
            ],
            [
              1.9744832,
              41.4481962
            ],
            [
              1.974502,
              41.4481848
            ],
            [
              1.9745104,
              41.4481926
            ]
          ]
        ]
      },
      "id": "way/1457017550"
    },
    {
      "type": "Feature",
      "properties": {
        "@id": "way/1457017551",
        "amenity": "parking_space",
        "parking_space": "motorcycle"
      },
      "geometry": {
        "type": "Polygon",
        "coordinates": [
          [
            [
              1.9745187,
              41.4482004
            ],
            [
              1.9744999,
              41.4482118
            ],
            [
              1.9744915,
              41.448204
            ],
            [
              1.9745104,
              41.4481926
            ],
            [
              1.9745187,
              41.4482004
            ]
          ]
        ]
      },
      "id": "way/1457017551"
    },
    {
      "type": "Feature",
      "properties": {
        "@id": "way/1457022277",
        "amenity": "parking_space",
        "parking_space": "motorcycle"
      },
      "geometry": {
        "type": "Polygon",
        "coordinates": [
          [
            [
              1.9771135,
              41.4468348
            ],
            [
              1.9771295,
              41.446853
            ],
            [
              1.9771239,
              41.4468591
            ],
            [
              1.977108,
              41.4468403
            ],
            [
              1.9771135,
              41.4468348
            ]
          ]
        ]
      },
      "id": "way/1457022277"
    },
    {
      "type": "Feature",
      "properties": {
        "@id": "way/1457022278",
        "amenity": "parking_space",
        "parking_space": "motorcycle"
      },
      "geometry": {
        "type": "Polygon",
        "coordinates": [
          [
            [
              1.9771191,
              41.4468294
            ],
            [
              1.9771352,
              41.4468469
            ],
            [
              1.9771295,
              41.446853
            ],
            [
              1.9771135,
              41.4468348
            ],
            [
              1.9771191,
              41.4468294
            ]
          ]
        ]
      },
      "id": "way/1457022278"
    },
    {
      "type": "Feature",
      "properties": {
        "@id": "way/1457022279",
        "amenity": "parking_space",
        "parking_space": "motorcycle"
      },
      "geometry": {
        "type": "Polygon",
        "coordinates": [
          [
            [
              1.9771246,
              41.446824
            ],
            [
              1.9771408,
              41.4468408
            ],
            [
              1.9771352,
              41.4468469
            ],
            [
              1.9771191,
              41.4468294
            ],
            [
              1.9771246,
              41.446824
            ]
          ]
        ]
      },
      "id": "way/1457022279"
    },
    {
      "type": "Feature",
      "properties": {
        "@id": "way/1457025058",
        "amenity": "parking_space",
        "parking_space": "motorcycle"
      },
      "geometry": {
        "type": "Polygon",
        "coordinates": [
          [
            [
              1.9754279,
              41.4474203
            ],
            [
              1.9754318,
              41.4474376
            ],
            [
              1.9754247,
              41.4474412
            ],
            [
              1.9754204,
              41.4474241
            ],
            [
              1.9754279,
              41.4474203
            ]
          ]
        ]
      },
      "id": "way/1457025058"
    },
    {
      "type": "Feature",
      "properties": {
        "@id": "way/1457025059",
        "amenity": "parking_space",
        "parking_space": "motorcycle"
      },
      "geometry": {
        "type": "Polygon",
        "coordinates": [
          [
            [
              1.9754355,
              41.4474166
            ],
            [
              1.9754389,
              41.4474339
            ],
            [
              1.9754318,
              41.4474376
            ],
            [
              1.9754279,
              41.4474203
            ],
            [
              1.9754355,
              41.4474166
            ]
          ]
        ]
      },
      "id": "way/1457025059"
    },
    {
      "type": "Feature",
      "properties": {
        "@id": "way/1457025060",
        "amenity": "parking_space",
        "parking_space": "motorcycle"
      },
      "geometry": {
        "type": "Polygon",
        "coordinates": [
          [
            [
              1.975654,
              41.447294
            ],
            [
              1.9756584,
              41.4473122
            ],
            [
              1.9756478,
              41.4473179
            ],
            [
              1.9756435,
              41.4473
            ],
            [
              1.975654,
              41.447294
            ]
          ]
        ]
      },
      "id": "way/1457025060"
    },
    {
      "type": "Feature",
      "properties": {
        "@id": "way/1457025061",
        "amenity": "parking_space",
        "parking_space": "motorcycle"
      },
      "geometry": {
        "type": "Polygon",
        "coordinates": [
          [
            [
              1.9756644,
              41.447288
            ],
            [
              1.975669,
              41.4473065
            ],
            [
              1.9756584,
              41.4473122
            ],
            [
              1.975654,
              41.447294
            ],
            [
              1.9756644,
              41.447288
            ]
          ]
        ]
      },
      "id": "way/1457025061"
    },
    {
      "type": "Feature",
      "properties": {
        "@id": "way/1457025062",
        "amenity": "parking_space",
        "parking_space": "motorcycle"
      },
      "geometry": {
        "type": "Polygon",
        "coordinates": [
          [
            [
              1.9756748,
              41.447282
            ],
            [
              1.9756796,
              41.4473008
            ],
            [
              1.975669,
              41.4473065
            ],
            [
              1.9756644,
              41.447288
            ],
            [
              1.9756748,
              41.447282
            ]
          ]
        ]
      },
      "id": "way/1457025062"
    },
    {
      "type": "Feature",
      "properties": {
        "@id": "way/1457025063",
        "amenity": "parking_space",
        "parking_space": "motorcycle"
      },
      "geometry": {
        "type": "Polygon",
        "coordinates": [
          [
            [
              1.9756852,
              41.4472761
            ],
            [
              1.9756902,
              41.4472952
            ],
            [
              1.9756796,
              41.4473008
            ],
            [
              1.9756748,
              41.447282
            ],
            [
              1.9756852,
              41.4472761
            ]
          ]
        ]
      },
      "id": "way/1457025063"
    },
    {
      "type": "Feature",
      "properties": {
        "@id": "way/1457025064",
        "amenity": "parking_space",
        "parking_space": "motorcycle"
      },
      "geometry": {
        "type": "Polygon",
        "coordinates": [
          [
            [
              1.9756957,
              41.4472701
            ],
            [
              1.9757009,
              41.4472895
            ],
            [
              1.9756902,
              41.4472952
            ],
            [
              1.9756852,
              41.4472761
            ],
            [
              1.9756957,
              41.4472701
            ]
          ]
        ]
      },
      "id": "way/1457025064"
    },
    {
      "type": "Feature",
      "properties": {
        "@id": "way/1457025065",
        "amenity": "parking_space",
        "parking_space": "motorcycle"
      },
      "geometry": {
        "type": "Polygon",
        "coordinates": [
          [
            [
              1.9757061,
              41.4472641
            ],
            [
              1.9757115,
              41.4472838
            ],
            [
              1.9757009,
              41.4472895
            ],
            [
              1.9756957,
              41.4472701
            ],
            [
              1.9757061,
              41.4472641
            ]
          ]
        ]
      },
      "id": "way/1457025065"
    },
    {
      "type": "Feature",
      "properties": {
        "@id": "way/1457025078",
        "amenity": "parking_space",
        "parking_space": "motorcycle"
      },
      "geometry": {
        "type": "Polygon",
        "coordinates": [
          [
            [
              1.9764962,
              41.4466872
            ],
            [
              1.976518,
              41.4466966
            ],
            [
              1.9765129,
              41.4467032
            ],
            [
              1.9764911,
              41.4466938
            ],
            [
              1.9764962,
              41.4466872
            ]
          ]
        ]
      },
      "id": "way/1457025078"
    },
    {
      "type": "Feature",
      "properties": {
        "@id": "way/1457025079",
        "amenity": "parking_space",
        "parking_space": "motorcycle"
      },
      "geometry": {
        "type": "Polygon",
        "coordinates": [
          [
            [
              1.9765012,
              41.4466806
            ],
            [
              1.976523,
              41.4466901
            ],
            [
              1.976518,
              41.4466966
            ],
            [
              1.9764962,
              41.4466872
            ],
            [
              1.9765012,
              41.4466806
            ]
          ]
        ]
      },
      "id": "way/1457025079"
    },
    {
      "type": "Feature",
      "properties": {
        "@id": "way/1457025080",
        "amenity": "parking_space",
        "parking_space": "motorcycle"
      },
      "geometry": {
        "type": "Polygon",
        "coordinates": [
          [
            [
              1.9765063,
              41.4466741
            ],
            [
              1.9765281,
              41.4466835
            ],
            [
              1.976523,
              41.4466901
            ],
            [
              1.9765012,
              41.4466806
            ],
            [
              1.9765063,
              41.4466741
            ]
          ]
        ]
      },
      "id": "way/1457025080"
    },
    {
      "type": "Feature",
      "properties": {
        "@id": "way/1457025081",
        "amenity": "parking_space",
        "parking_space": "motorcycle"
      },
      "geometry": {
        "type": "Polygon",
        "coordinates": [
          [
            [
              1.9765113,
              41.4466675
            ],
            [
              1.9765331,
              41.446677
            ],
            [
              1.9765281,
              41.4466835
            ],
            [
              1.9765063,
              41.4466741
            ],
            [
              1.9765113,
              41.4466675
            ]
          ]
        ]
      },
      "id": "way/1457025081"
    },
    {
      "type": "Feature",
      "properties": {
        "@id": "way/1494047858",
        "amenity": "parking_space",
        "capacity": "4",
        "parking_space": "motorcycle"
      },
      "geometry": {
        "type": "Polygon",
        "coordinates": [
          [
            [
              1.9704042,
              41.4454099
            ],
            [
              1.9703464,
              41.4454097
            ],
            [
              1.9703465,
              41.4453897
            ],
            [
              1.9704043,
              41.4453899
            ],
            [
              1.9704042,
              41.4454099
            ]
          ]
        ]
      },
      "id": "way/1494047858"
    },
    {
      "type": "Feature",
      "properties": {
        "@id": "way/1502414649",
        "amenity": "parking_space",
        "parking_space": "motorcycle"
      },
      "geometry": {
        "type": "Polygon",
        "coordinates": [
          [
            [
              1.9791943,
              41.4449855
            ],
            [
              1.9791928,
              41.4449645
            ],
            [
              1.9792031,
              41.4449592
            ],
            [
              1.9792047,
              41.4449798
            ],
            [
              1.9791943,
              41.4449855
            ]
          ]
        ]
      },
      "id": "way/1502414649"
    },
    {
      "type": "Feature",
      "properties": {
        "@id": "way/1502414650",
        "amenity": "parking_space",
        "parking_space": "motorcycle"
      },
      "geometry": {
        "type": "Polygon",
        "coordinates": [
          [
            [
              1.9791839,
              41.4449912
            ],
            [
              1.9791824,
              41.4449699
            ],
            [
              1.9791928,
              41.4449645
            ],
            [
              1.9791943,
              41.4449855
            ],
            [
              1.9791839,
              41.4449912
            ]
          ]
        ]
      },
      "id": "way/1502414650"
    },
    {
      "type": "Feature",
      "properties": {
        "@id": "way/1502414651",
        "amenity": "parking_space",
        "parking_space": "motorcycle"
      },
      "geometry": {
        "type": "Polygon",
        "coordinates": [
          [
            [
              1.9791735,
              41.444997
            ],
            [
              1.979172,
              41.4449752
            ],
            [
              1.9791824,
              41.4449699
            ],
            [
              1.9791839,
              41.4449912
            ],
            [
              1.9791735,
              41.444997
            ]
          ]
        ]
      },
      "id": "way/1502414651"
    },
    {
      "type": "Feature",
      "properties": {
        "@id": "way/1502414652",
        "amenity": "parking_space",
        "parking_space": "motorcycle"
      },
      "geometry": {
        "type": "Polygon",
        "coordinates": [
          [
            [
              1.9791631,
              41.4450027
            ],
            [
              1.9791617,
              41.4449806
            ],
            [
              1.979172,
              41.4449752
            ],
            [
              1.9791735,
              41.444997
            ],
            [
              1.9791631,
              41.4450027
            ]
          ]
        ]
      },
      "id": "way/1502414652"
    },
    {
      "type": "Feature",
      "properties": {
        "@id": "way/1502414653",
        "amenity": "parking_space",
        "parking_space": "motorcycle"
      },
      "geometry": {
        "type": "Polygon",
        "coordinates": [
          [
            [
              1.9791527,
              41.4450085
            ],
            [
              1.9791513,
              41.4449859
            ],
            [
              1.9791617,
              41.4449806
            ],
            [
              1.9791631,
              41.4450027
            ],
            [
              1.9791527,
              41.4450085
            ]
          ]
        ]
      },
      "id": "way/1502414653"
    },
    {
      "type": "Feature",
      "properties": {
        "@id": "way/1502414654",
        "amenity": "parking_space",
        "parking_space": "motorcycle"
      },
      "geometry": {
        "type": "Polygon",
        "coordinates": [
          [
            [
              1.9791424,
              41.4450142
            ],
            [
              1.979141,
              41.4449912
            ],
            [
              1.9791513,
              41.4449859
            ],
            [
              1.9791527,
              41.4450085
            ],
            [
              1.9791424,
              41.4450142
            ]
          ]
        ]
      },
      "id": "way/1502414654"
    },
    {
      "type": "Feature",
      "properties": {
        "@id": "way/1502414655",
        "amenity": "parking_space",
        "parking_space": "motorcycle"
      },
      "geometry": {
        "type": "Polygon",
        "coordinates": [
          [
            [
              1.979132,
              41.44502
            ],
            [
              1.9791306,
              41.4449966
            ],
            [
              1.979141,
              41.4449912
            ],
            [
              1.9791424,
              41.4450142
            ],
            [
              1.979132,
              41.44502
            ]
          ]
        ]
      },
      "id": "way/1502414655"
    },
    {
      "type": "Feature",
      "properties": {
        "@id": "way/1502415100",
        "amenity": "parking_space",
        "parking_space": "motorcycle"
      },
      "geometry": {
        "type": "Polygon",
        "coordinates": [
          [
            [
              1.9778501,
              41.445703
            ],
            [
              1.9778499,
              41.4456826
            ],
            [
              1.9778607,
              41.4456772
            ],
            [
              1.9778593,
              41.4456978
            ],
            [
              1.9778501,
              41.445703
            ]
          ]
        ]
      },
      "id": "way/1502415100"
    },
    {
      "type": "Feature",
      "properties": {
        "@id": "way/1502415101",
        "amenity": "parking_space",
        "parking_space": "motorcycle"
      },
      "geometry": {
        "type": "Polygon",
        "coordinates": [
          [
            [
              1.977841,
              41.4457083
            ],
            [
              1.9778401,
              41.4456878
            ],
            [
              1.9778499,
              41.4456826
            ],
            [
              1.9778501,
              41.445703
            ],
            [
              1.977841,
              41.4457083
            ]
          ]
        ]
      },
      "id": "way/1502415101"
    },
    {
      "type": "Feature",
      "properties": {
        "@id": "way/1502415102",
        "amenity": "parking_space",
        "parking_space": "motorcycle"
      },
      "geometry": {
        "type": "Polygon",
        "coordinates": [
          [
            [
              1.9778319,
              41.4457136
            ],
            [
              1.9778304,
              41.4456929
            ],
            [
              1.9778401,
              41.4456878
            ],
            [
              1.977841,
              41.4457083
            ],
            [
              1.9778319,
              41.4457136
            ]
          ]
        ]
      },
      "id": "way/1502415102"
    },
    {
      "type": "Feature",
      "properties": {
        "@id": "way/1502415103",
        "amenity": "parking_space",
        "parking_space": "motorcycle"
      },
      "geometry": {
        "type": "Polygon",
        "coordinates": [
          [
            [
              1.9778228,
              41.4457189
            ],
            [
              1.9778207,
              41.4456981
            ],
            [
              1.9778304,
              41.4456929
            ],
            [
              1.9778319,
              41.4457136
            ],
            [
              1.9778228,
              41.4457189
            ]
          ]
        ]
      },
      "id": "way/1502415103"
    },
    {
      "type": "Feature",
      "properties": {
        "@id": "way/1502415104",
        "amenity": "parking_space",
        "parking_space": "motorcycle"
      },
      "geometry": {
        "type": "Polygon",
        "coordinates": [
          [
            [
              1.9778137,
              41.4457242
            ],
            [
              1.977811,
              41.4457033
            ],
            [
              1.9778207,
              41.4456981
            ],
            [
              1.9778228,
              41.4457189
            ],
            [
              1.9778137,
              41.4457242
            ]
          ]
        ]
      },
      "id": "way/1502415104"
    },
    {
      "type": "Feature",
      "properties": {
        "@id": "way/1503477079",
        "amenity": "parking_space",
        "parking_space": "motorcycle"
      },
      "geometry": {
        "type": "Polygon",
        "coordinates": [
          [
            [
              1.969181,
              41.4471254
            ],
            [
              1.9691713,
              41.4471197
            ],
            [
              1.9691987,
              41.4471152
            ],
            [
              1.9692085,
              41.4471209
            ],
            [
              1.969181,
              41.4471254
            ]
          ]
        ]
      },
      "id": "way/1503477079"
    },
    {
      "type": "Feature",
      "properties": {
        "@id": "way/1503477080",
        "amenity": "parking_space",
        "parking_space": "motorcycle"
      },
      "geometry": {
        "type": "Polygon",
        "coordinates": [
          [
            [
              1.9691902,
              41.4471319
            ],
            [
              1.969181,
              41.4471254
            ],
            [
              1.9692085,
              41.4471209
            ],
            [
              1.9692182,
              41.4471266
            ],
            [
              1.9691902,
              41.4471319
            ]
          ]
        ]
      },
      "id": "way/1503477080"
    },
    {
      "type": "Feature",
      "properties": {
        "@id": "way/1503477081",
        "amenity": "parking_space",
        "parking_space": "motorcycle"
      },
      "geometry": {
        "type": "Polygon",
        "coordinates": [
          [
            [
              1.9691993,
              41.4471384
            ],
            [
              1.9691902,
              41.4471319
            ],
            [
              1.9692182,
              41.4471266
            ],
            [
              1.9692279,
              41.4471323
            ],
            [
              1.9691993,
              41.4471384
            ]
          ]
        ]
      },
      "id": "way/1503477081"
    },
    {
      "type": "Feature",
      "properties": {
        "@id": "way/1503477082",
        "amenity": "parking_space",
        "parking_space": "motorcycle"
      },
      "geometry": {
        "type": "Polygon",
        "coordinates": [
          [
            [
              1.9692085,
              41.4471448
            ],
            [
              1.9691993,
              41.4471384
            ],
            [
              1.9692279,
              41.4471323
            ],
            [
              1.9692376,
              41.4471381
            ],
            [
              1.9692085,
              41.4471448
            ]
          ]
        ]
      },
      "id": "way/1503477082"
    },
    {
      "type": "Feature",
      "properties": {
        "@id": "way/1503477107",
        "amenity": "parking_space",
        "parking_space": "motorcycle"
      },
      "geometry": {
        "type": "Polygon",
        "coordinates": [
          [
            [
              1.9703608,
              41.4454098
            ],
            [
              1.9703464,
              41.4454097
            ],
            [
              1.9703465,
              41.4453897
            ],
            [
              1.970361,
              41.4453897
            ],
            [
              1.9703608,
              41.4454098
            ]
          ]
        ]
      },
      "id": "way/1503477107"
    },
    {
      "type": "Feature",
      "properties": {
        "@id": "way/1503477108",
        "amenity": "parking_space",
        "parking_space": "motorcycle"
      },
      "geometry": {
        "type": "Polygon",
        "coordinates": [
          [
            [
              1.9703753,
              41.4454098
            ],
            [
              1.9703608,
              41.4454098
            ],
            [
              1.970361,
              41.4453897
            ],
            [
              1.9703754,
              41.4453898
            ],
            [
              1.9703753,
              41.4454098
            ]
          ]
        ]
      },
      "id": "way/1503477108"
    },
    {
      "type": "Feature",
      "properties": {
        "@id": "way/1503477109",
        "amenity": "parking_space",
        "parking_space": "motorcycle"
      },
      "geometry": {
        "type": "Polygon",
        "coordinates": [
          [
            [
              1.9703897,
              41.4454099
            ],
            [
              1.9703753,
              41.4454098
            ],
            [
              1.9703754,
              41.4453898
            ],
            [
              1.9703899,
              41.4453898
            ],
            [
              1.9703897,
              41.4454099
            ]
          ]
        ]
      },
      "id": "way/1503477109"
    },
    {
      "type": "Feature",
      "properties": {
        "@id": "way/1503477110",
        "amenity": "parking_space",
        "parking_space": "motorcycle"
      },
      "geometry": {
        "type": "Polygon",
        "coordinates": [
          [
            [
              1.9704042,
              41.4454099
            ],
            [
              1.9703897,
              41.4454099
            ],
            [
              1.9703899,
              41.4453898
            ],
            [
              1.9704043,
              41.4453899
            ],
            [
              1.9704042,
              41.4454099
            ]
          ]
        ]
      },
      "id": "way/1503477110"
    },
    {
      "type": "Feature",
      "properties": {
        "@id": "way/1503478985",
        "amenity": "parking_space",
        "parking_space": "motorcycle"
      },
      "geometry": {
        "type": "Polygon",
        "coordinates": [
          [
            [
              1.9695217,
              41.4477547
            ],
            [
              1.9695156,
              41.4477507
            ],
            [
              1.969532,
              41.4477366
            ],
            [
              1.9695381,
              41.4477405
            ],
            [
              1.9695217,
              41.4477547
            ]
          ]
        ]
      },
      "id": "way/1503478985"
    },
    {
      "type": "Feature",
      "properties": {
        "@id": "way/1503478986",
        "amenity": "parking_space",
        "parking_space": "motorcycle"
      },
      "geometry": {
        "type": "Polygon",
        "coordinates": [
          [
            [
              1.9695277,
              41.4477586
            ],
            [
              1.9695217,
              41.4477547
            ],
            [
              1.9695381,
              41.4477405
            ],
            [
              1.9695441,
              41.4477445
            ],
            [
              1.9695277,
              41.4477586
            ]
          ]
        ]
      },
      "id": "way/1503478986"
    },
    {
      "type": "Feature",
      "properties": {
        "@id": "way/1503478987",
        "amenity": "parking_space",
        "parking_space": "motorcycle"
      },
      "geometry": {
        "type": "Polygon",
        "coordinates": [
          [
            [
              1.9695251,
              41.4477146
            ],
            [
              1.9695181,
              41.4477101
            ],
            [
              1.9695348,
              41.4476953
            ],
            [
              1.9695419,
              41.4476998
            ],
            [
              1.9695251,
              41.4477146
            ]
          ]
        ]
      },
      "id": "way/1503478987"
    },
    {
      "type": "Feature",
      "properties": {
        "@id": "way/1503478988",
        "amenity": "parking_space",
        "parking_space": "motorcycle"
      },
      "geometry": {
        "type": "Polygon",
        "coordinates": [
          [
            [
              1.9695322,
              41.4477191
            ],
            [
              1.9695251,
              41.4477146
            ],
            [
              1.9695419,
              41.4476998
            ],
            [
              1.9695489,
              41.4477043
            ],
            [
              1.9695322,
              41.4477191
            ]
          ]
        ]
      },
      "id": "way/1503478988"
    },
    {
      "type": "Feature",
      "properties": {
        "@id": "way/1503479704",
        "amenity": "parking_space",
        "parking_space": "motorcycle"
      },
      "geometry": {
        "type": "Polygon",
        "coordinates": [
          [
            [
              1.9684517,
              41.4470477
            ],
            [
              1.9684447,
              41.4470432
            ],
            [
              1.9684614,
              41.4470284
            ],
            [
              1.9684685,
              41.4470329
            ],
            [
              1.9684517,
              41.4470477
            ]
          ]
        ]
      },
      "id": "way/1503479704"
    },
    {
      "type": "Feature",
      "properties": {
        "@id": "way/1503479705",
        "amenity": "parking_space",
        "parking_space": "motorcycle"
      },
      "geometry": {
        "type": "Polygon",
        "coordinates": [
          [
            [
              1.9684588,
              41.4470522
            ],
            [
              1.9684517,
              41.4470477
            ],
            [
              1.9684685,
              41.4470329
            ],
            [
              1.9684755,
              41.4470374
            ],
            [
              1.9684588,
              41.4470522
            ]
          ]
        ]
      },
      "id": "way/1503479705"
    },
    {
      "type": "Feature",
      "properties": {
        "@id": "way/1503479707",
        "amenity": "parking_space",
        "parking_space": "motorcycle"
      },
      "geometry": {
        "type": "Polygon",
        "coordinates": [
          [
            [
              1.9679979,
              41.4467688
            ],
            [
              1.9679908,
              41.4467643
            ],
            [
              1.9680076,
              41.4467495
            ],
            [
              1.9680146,
              41.446754
            ],
            [
              1.9679979,
              41.4467688
            ]
          ]
        ]
      },
      "id": "way/1503479707"
    },
    {
      "type": "Feature",
      "properties": {
        "@id": "way/1503479708",
        "amenity": "parking_space",
        "parking_space": "motorcycle"
      },
      "geometry": {
        "type": "Polygon",
        "coordinates": [
          [
            [
              1.9679908,
              41.4467643
            ],
            [
              1.9679838,
              41.4467598
            ],
            [
              1.9680005,
              41.446745
            ],
            [
              1.9680076,
              41.4467495
            ],
            [
              1.9679908,
              41.4467643
            ]
          ]
        ]
      },
      "id": "way/1503479708"
    },
    {
      "type": "Feature",
      "properties": {
        "@id": "way/1503483065",
        "amenity": "parking_space",
        "parking_space": "motorcycle"
      },
      "geometry": {
        "type": "Polygon",
        "coordinates": [
          [
            [
              1.9746633,
              41.4458287
            ],
            [
              1.974647,
              41.4458133
            ],
            [
              1.9746603,
              41.4458071
            ],
            [
              1.9746737,
              41.4458224
            ],
            [
              1.9746633,
              41.4458287
            ]
          ]
        ]
      },
      "id": "way/1503483065"
    },
    {
      "type": "Feature",
      "properties": {
        "@id": "way/1503483066",
        "amenity": "parking_space",
        "parking_space": "motorcycle"
      },
      "geometry": {
        "type": "Polygon",
        "coordinates": [
          [
            [
              1.9746528,
              41.4458349
            ],
            [
              1.9746365,
              41.4458195
            ],
            [
              1.974647,
              41.4458133
            ],
            [
              1.9746633,
              41.4458287
            ],
            [
              1.9746528,
              41.4458349
            ]
          ]
        ]
      },
      "id": "way/1503483066"
    },
    {
      "type": "Feature",
      "properties": {
        "@id": "way/1503483067",
        "amenity": "parking_space",
        "parking_space": "motorcycle"
      },
      "geometry": {
        "type": "Polygon",
        "coordinates": [
          [
            [
              1.9746423,
              41.4458411
            ],
            [
              1.974626,
              41.4458257
            ],
            [
              1.9746365,
              41.4458195
            ],
            [
              1.9746528,
              41.4458349
            ],
            [
              1.9746423,
              41.4458411
            ]
          ]
        ]
      },
      "id": "way/1503483067"
    },
    {
      "type": "Feature",
      "properties": {
        "@id": "way/1503483068",
        "amenity": "parking_space",
        "parking_space": "motorcycle"
      },
      "geometry": {
        "type": "Polygon",
        "coordinates": [
          [
            [
              1.9746318,
              41.4458473
            ],
            [
              1.9746155,
              41.445832
            ],
            [
              1.974626,
              41.4458257
            ],
            [
              1.9746423,
              41.4458411
            ],
            [
              1.9746318,
              41.4458473
            ]
          ]
        ]
      },
      "id": "way/1503483068"
    },
    {
      "type": "Feature",
      "properties": {
        "@id": "way/1503483069",
        "amenity": "parking_space",
        "parking_space": "motorcycle"
      },
      "geometry": {
        "type": "Polygon",
        "coordinates": [
          [
            [
              1.9746213,
              41.4458536
            ],
            [
              1.974605,
              41.4458382
            ],
            [
              1.9746155,
              41.445832
            ],
            [
              1.9746318,
              41.4458473
            ],
            [
              1.9746213,
              41.4458536
            ]
          ]
        ]
      },
      "id": "way/1503483069"
    },
    {
      "type": "Feature",
      "properties": {
        "@id": "way/1503483070",
        "amenity": "parking_space",
        "parking_space": "motorcycle"
      },
      "geometry": {
        "type": "Polygon",
        "coordinates": [
          [
            [
              1.9746108,
              41.4458598
            ],
            [
              1.9745945,
              41.4458444
            ],
            [
              1.974605,
              41.4458382
            ],
            [
              1.9746213,
              41.4458536
            ],
            [
              1.9746108,
              41.4458598
            ]
          ]
        ]
      },
      "id": "way/1503483070"
    },
    {
      "type": "Feature",
      "properties": {
        "@id": "way/1503483126",
        "amenity": "parking_space",
        "parking_space": "motorcycle"
      },
      "geometry": {
        "type": "Polygon",
        "coordinates": [
          [
            [
              1.974302,
              41.4460422
            ],
            [
              1.9742873,
              41.4460288
            ],
            [
              1.9742977,
              41.4460224
            ],
            [
              1.9743124,
              41.4460357
            ],
            [
              1.974302,
              41.4460422
            ]
          ]
        ]
      },
      "id": "way/1503483126"
    },
    {
      "type": "Feature",
      "properties": {
        "@id": "way/1503483127",
        "amenity": "parking_space",
        "parking_space": "motorcycle"
      },
      "geometry": {
        "type": "Polygon",
        "coordinates": [
          [
            [
              1.9742916,
              41.4460486
            ],
            [
              1.9742769,
              41.4460352
            ],
            [
              1.9742873,
              41.4460288
            ],
            [
              1.974302,
              41.4460422
            ],
            [
              1.9742916,
              41.4460486
            ]
          ]
        ]
      },
      "id": "way/1503483127"
    },
    {
      "type": "Feature",
      "properties": {
        "@id": "way/1503483128",
        "amenity": "parking_space",
        "parking_space": "motorcycle"
      },
      "geometry": {
        "type": "Polygon",
        "coordinates": [
          [
            [
              1.9742813,
              41.446055
            ],
            [
              1.9742666,
              41.4460416
            ],
            [
              1.9742769,
              41.4460352
            ],
            [
              1.9742916,
              41.4460486
            ],
            [
              1.9742813,
              41.446055
            ]
          ]
        ]
      },
      "id": "way/1503483128"
    },
    {
      "type": "Feature",
      "properties": {
        "@id": "way/1503483129",
        "amenity": "parking_space",
        "parking_space": "motorcycle"
      },
      "geometry": {
        "type": "Polygon",
        "coordinates": [
          [
            [
              1.9742709,
              41.4460614
            ],
            [
              1.9742557,
              41.4460482
            ],
            [
              1.9742666,
              41.4460416
            ],
            [
              1.9742813,
              41.446055
            ],
            [
              1.9742709,
              41.4460614
            ]
          ]
        ]
      },
      "id": "way/1503483129"
    },
    {
      "type": "Feature",
      "properties": {
        "@id": "way/1504537540",
        "amenity": "parking_space",
        "parking_space": "motorcycle"
      },
      "geometry": {
        "type": "Polygon",
        "coordinates": [
          [
            [
              1.9670729,
              41.4510166
            ],
            [
              1.9670647,
              41.4510124
            ],
            [
              1.9670912,
              41.4510056
            ],
            [
              1.9670993,
              41.4510098
            ],
            [
              1.9670729,
              41.4510166
            ]
          ]
        ]
      },
      "id": "way/1504537540"
    },
    {
      "type": "Feature",
      "properties": {
        "@id": "way/1504537541",
        "amenity": "parking_space",
        "parking_space": "motorcycle"
      },
      "geometry": {
        "type": "Polygon",
        "coordinates": [
          [
            [
              1.967081,
              41.4510208
            ],
            [
              1.9670729,
              41.4510166
            ],
            [
              1.9670993,
              41.4510098
            ],
            [
              1.9671074,
              41.451014
            ],
            [
              1.967081,
              41.4510208
            ]
          ]
        ]
      },
      "id": "way/1504537541"
    },
    {
      "type": "Feature",
      "properties": {
        "@id": "way/1504537542",
        "amenity": "parking_space",
        "parking_space": "motorcycle"
      },
      "geometry": {
        "type": "Polygon",
        "coordinates": [
          [
            [
              1.9670892,
              41.451025
            ],
            [
              1.967081,
              41.4510208
            ],
            [
              1.9671074,
              41.451014
            ],
            [
              1.9671155,
              41.4510182
            ],
            [
              1.9670892,
              41.451025
            ]
          ]
        ]
      },
      "id": "way/1504537542"
    },
    {
      "type": "Feature",
      "properties": {
        "@id": "way/1504537543",
        "amenity": "parking_space",
        "parking_space": "motorcycle"
      },
      "geometry": {
        "type": "Polygon",
        "coordinates": [
          [
            [
              1.9670973,
              41.4510292
            ],
            [
              1.9670892,
              41.451025
            ],
            [
              1.9671155,
              41.4510182
            ],
            [
              1.9671236,
              41.4510224
            ],
            [
              1.9670973,
              41.4510292
            ]
          ]
        ]
      },
      "id": "way/1504537543"
    },
    {
      "type": "Feature",
      "properties": {
        "@id": "way/1504537544",
        "amenity": "parking_space",
        "parking_space": "motorcycle"
      },
      "geometry": {
        "type": "Polygon",
        "coordinates": [
          [
            [
              1.9671055,
              41.4510334
            ],
            [
              1.9670973,
              41.4510292
            ],
            [
              1.9671236,
              41.4510224
            ],
            [
              1.9671317,
              41.4510266
            ],
            [
              1.9671055,
              41.4510334
            ]
          ]
        ]
      },
      "id": "way/1504537544"
    },
    {
      "type": "Feature",
      "properties": {
        "@id": "way/1504537545",
        "amenity": "parking_space",
        "parking_space": "motorcycle"
      },
      "geometry": {
        "type": "Polygon",
        "coordinates": [
          [
            [
              1.9671137,
              41.4510375
            ],
            [
              1.9671055,
              41.4510334
            ],
            [
              1.9671317,
              41.4510266
            ],
            [
              1.9671398,
              41.4510308
            ],
            [
              1.9671137,
              41.4510375
            ]
          ]
        ]
      },
      "id": "way/1504537545"
    },
    {
      "type": "Feature",
      "properties": {
        "@id": "way/1504537563",
        "amenity": "parking_space",
        "parking_space": "motorcycle"
      },
      "geometry": {
        "type": "Polygon",
        "coordinates": [
          [
            [
              1.9651702,
              41.4501815
            ],
            [
              1.9651597,
              41.4501669
            ],
            [
              1.9651696,
              41.4501629
            ],
            [
              1.9651801,
              41.4501775
            ],
            [
              1.9651702,
              41.4501815
            ]
          ]
        ]
      },
      "id": "way/1504537563"
    },
    {
      "type": "Feature",
      "properties": {
        "@id": "way/1504537564",
        "amenity": "parking_space",
        "parking_space": "motorcycle"
      },
      "geometry": {
        "type": "Polygon",
        "coordinates": [
          [
            [
              1.9651602,
              41.4501855
            ],
            [
              1.9651497,
              41.450171
            ],
            [
              1.9651597,
              41.4501669
            ],
            [
              1.9651702,
              41.4501815
            ],
            [
              1.9651602,
              41.4501855
            ]
          ]
        ]
      },
      "id": "way/1504537564"
    },
    {
      "type": "Feature",
      "properties": {
        "@id": "way/1504537565",
        "amenity": "parking_space",
        "parking_space": "motorcycle"
      },
      "geometry": {
        "type": "Polygon",
        "coordinates": [
          [
            [
              1.9651503,
              41.4501895
            ],
            [
              1.9651398,
              41.450175
            ],
            [
              1.9651497,
              41.450171
            ],
            [
              1.9651602,
              41.4501855
            ],
            [
              1.9651503,
              41.4501895
            ]
          ]
        ]
      },
      "id": "way/1504537565"
    },
    {
      "type": "Feature",
      "properties": {
        "@id": "way/1504537566",
        "amenity": "parking_space",
        "parking_space": "motorcycle"
      },
      "geometry": {
        "type": "Polygon",
        "coordinates": [
          [
            [
              1.9651403,
              41.4501936
            ],
            [
              1.9651298,
              41.450179
            ],
            [
              1.9651398,
              41.450175
            ],
            [
              1.9651503,
              41.4501895
            ],
            [
              1.9651403,
              41.4501936
            ]
          ]
        ]
      },
      "id": "way/1504537566"
    },
    {
      "type": "Feature",
      "properties": {
        "@id": "way/1504537567",
        "amenity": "parking_space",
        "parking_space": "motorcycle"
      },
      "geometry": {
        "type": "Polygon",
        "coordinates": [
          [
            [
              1.9651304,
              41.4501976
            ],
            [
              1.9651199,
              41.450183
            ],
            [
              1.9651298,
              41.450179
            ],
            [
              1.9651403,
              41.4501936
            ],
            [
              1.9651304,
              41.4501976
            ]
          ]
        ]
      },
      "id": "way/1504537567"
    },
    {
      "type": "Feature",
      "properties": {
        "@id": "way/1504537575",
        "amenity": "parking_space",
        "parking_space": "motorcycle"
      },
      "geometry": {
        "type": "Polygon",
        "coordinates": [
          [
            [
              1.9656488,
              41.4499603
            ],
            [
              1.9656361,
              41.4499445
            ],
            [
              1.965647,
              41.4499397
            ],
            [
              1.9656592,
              41.4499561
            ],
            [
              1.9656488,
              41.4499603
            ]
          ]
        ]
      },
      "id": "way/1504537575"
    },
    {
      "type": "Feature",
      "properties": {
        "@id": "way/1504537576",
        "amenity": "parking_space",
        "parking_space": "motorcycle"
      },
      "geometry": {
        "type": "Polygon",
        "coordinates": [
          [
            [
              1.965639,
              41.4499647
            ],
            [
              1.9656263,
              41.449949
            ],
            [
              1.9656361,
              41.4499445
            ],
            [
              1.9656488,
              41.4499603
            ],
            [
              1.965639,
              41.4499647
            ]
          ]
        ]
      },
      "id": "way/1504537576"
    },
    {
      "type": "Feature",
      "properties": {
        "@id": "way/1504537577",
        "amenity": "parking_space",
        "parking_space": "motorcycle"
      },
      "geometry": {
        "type": "Polygon",
        "coordinates": [
          [
            [
              1.9656292,
              41.4499691
            ],
            [
              1.9656165,
              41.4499534
            ],
            [
              1.9656263,
              41.449949
            ],
            [
              1.965639,
              41.4499647
            ],
            [
              1.9656292,
              41.4499691
            ]
          ]
        ]
      },
      "id": "way/1504537577"
    },
    {
      "type": "Feature",
      "properties": {
        "@id": "way/1504537578",
        "amenity": "parking_space",
        "parking_space": "motorcycle"
      },
      "geometry": {
        "type": "Polygon",
        "coordinates": [
          [
            [
              1.9656194,
              41.4499735
            ],
            [
              1.9656067,
              41.4499578
            ],
            [
              1.9656165,
              41.4499534
            ],
            [
              1.9656292,
              41.4499691
            ],
            [
              1.9656194,
              41.4499735
            ]
          ]
        ]
      },
      "id": "way/1504537578"
    },
    {
      "type": "Feature",
      "properties": {
        "@id": "way/1504537579",
        "amenity": "parking_space",
        "parking_space": "motorcycle"
      },
      "geometry": {
        "type": "Polygon",
        "coordinates": [
          [
            [
              1.9656095,
              41.449978
            ],
            [
              1.9655969,
              41.4499622
            ],
            [
              1.9656067,
              41.4499578
            ],
            [
              1.9656194,
              41.4499735
            ],
            [
              1.9656095,
              41.449978
            ]
          ]
        ]
      },
      "id": "way/1504537579"
    },
    {
      "type": "Feature",
      "properties": {
        "@id": "way/1504537580",
        "amenity": "parking_space",
        "parking_space": "motorcycle"
      },
      "geometry": {
        "type": "Polygon",
        "coordinates": [
          [
            [
              1.9655997,
              41.4499824
            ],
            [
              1.9655871,
              41.4499666
            ],
            [
              1.9655969,
              41.4499622
            ],
            [
              1.9656095,
              41.449978
            ],
            [
              1.9655997,
              41.4499824
            ]
          ]
        ]
      },
      "id": "way/1504537580"
    },
    {
      "type": "Feature",
      "properties": {
        "@id": "way/1504537581",
        "amenity": "parking_space",
        "parking_space": "motorcycle"
      },
      "geometry": {
        "type": "Polygon",
        "coordinates": [
          [
            [
              1.9655899,
              41.4499868
            ],
            [
              1.9655773,
              41.4499711
            ],
            [
              1.9655871,
              41.4499666
            ],
            [
              1.9655997,
              41.4499824
            ],
            [
              1.9655899,
              41.4499868
            ]
          ]
        ]
      },
      "id": "way/1504537581"
    },
    {
      "type": "Feature",
      "properties": {
        "@id": "way/1504537582",
        "amenity": "parking_space",
        "parking_space": "motorcycle"
      },
      "geometry": {
        "type": "Polygon",
        "coordinates": [
          [
            [
              1.9655801,
              41.4499912
            ],
            [
              1.9655675,
              41.4499755
            ],
            [
              1.9655773,
              41.4499711
            ],
            [
              1.9655899,
              41.4499868
            ],
            [
              1.9655801,
              41.4499912
            ]
          ]
        ]
      },
      "id": "way/1504537582"
    },
    {
      "type": "Feature",
      "properties": {
        "@id": "way/1504537583",
        "amenity": "parking_space",
        "parking_space": "motorcycle"
      },
      "geometry": {
        "type": "Polygon",
        "coordinates": [
          [
            [
              1.9655703,
              41.4499956
            ],
            [
              1.9655577,
              41.4499799
            ],
            [
              1.9655675,
              41.4499755
            ],
            [
              1.9655801,
              41.4499912
            ],
            [
              1.9655703,
              41.4499956
            ]
          ]
        ]
      },
      "id": "way/1504537583"
    },
    {
      "type": "Feature",
      "properties": {
        "@id": "way/1504537584",
        "amenity": "parking_space",
        "parking_space": "motorcycle"
      },
      "geometry": {
        "type": "Polygon",
        "coordinates": [
          [
            [
              1.9651626,
              41.4500337
            ],
            [
              1.9651504,
              41.4500183
            ],
            [
              1.9651612,
              41.4500134
            ],
            [
              1.9651735,
              41.4500289
            ],
            [
              1.9651626,
              41.4500337
            ]
          ]
        ]
      },
      "id": "way/1504537584"
    },
    {
      "type": "Feature",
      "properties": {
        "@id": "way/1504537585",
        "amenity": "parking_space",
        "parking_space": "motorcycle"
      },
      "geometry": {
        "type": "Polygon",
        "coordinates": [
          [
            [
              1.9651518,
              41.4500386
            ],
            [
              1.9651395,
              41.4500231
            ],
            [
              1.9651504,
              41.4500183
            ],
            [
              1.9651626,
              41.4500337
            ],
            [
              1.9651518,
              41.4500386
            ]
          ]
        ]
      },
      "id": "way/1504537585"
    },
    {
      "type": "Feature",
      "properties": {
        "@id": "way/1504537586",
        "amenity": "parking_space",
        "parking_space": "motorcycle"
      },
      "geometry": {
        "type": "Polygon",
        "coordinates": [
          [
            [
              1.965141,
              41.4500434
            ],
            [
              1.9651287,
              41.4500279
            ],
            [
              1.9651395,
              41.4500231
            ],
            [
              1.9651518,
              41.4500386
            ],
            [
              1.965141,
              41.4500434
            ]
          ]
        ]
      },
      "id": "way/1504537586"
    },
    {
      "type": "Feature",
      "properties": {
        "@id": "way/1504537587",
        "amenity": "parking_space",
        "parking_space": "motorcycle"
      },
      "geometry": {
        "type": "Polygon",
        "coordinates": [
          [
            [
              1.9651301,
              41.4500482
            ],
            [
              1.9651178,
              41.4500327
            ],
            [
              1.9651287,
              41.4500279
            ],
            [
              1.965141,
              41.4500434
            ],
            [
              1.9651301,
              41.4500482
            ]
          ]
        ]
      },
      "id": "way/1504537587"
    },
    {
      "type": "Feature",
      "properties": {
        "@id": "way/1504537588",
        "amenity": "parking_space",
        "parking_space": "motorcycle"
      },
      "geometry": {
        "type": "Polygon",
        "coordinates": [
          [
            [
              1.9651193,
              41.450053
            ],
            [
              1.965107,
              41.4500376
            ],
            [
              1.9651178,
              41.4500327
            ],
            [
              1.9651301,
              41.4500482
            ],
            [
              1.9651193,
              41.450053
            ]
          ]
        ]
      },
      "id": "way/1504537588"
    },
    {
      "type": "Feature",
      "properties": {
        "@id": "way/1504537589",
        "amenity": "parking_space",
        "parking_space": "motorcycle"
      },
      "geometry": {
        "type": "Polygon",
        "coordinates": [
          [
            [
              1.9651084,
              41.4500579
            ],
            [
              1.9650962,
              41.4500424
            ],
            [
              1.965107,
              41.4500376
            ],
            [
              1.9651193,
              41.450053
            ],
            [
              1.9651084,
              41.4500579
            ]
          ]
        ]
      },
      "id": "way/1504537589"
    },
    {
      "type": "Feature",
      "properties": {
        "@id": "way/1504537590",
        "amenity": "parking_space",
        "parking_space": "motorcycle"
      },
      "geometry": {
        "type": "Polygon",
        "coordinates": [
          [
            [
              1.9650976,
              41.4500627
            ],
            [
              1.9650853,
              41.4500472
            ],
            [
              1.9650962,
              41.4500424
            ],
            [
              1.9651084,
              41.4500579
            ],
            [
              1.9650976,
              41.4500627
            ]
          ]
        ]
      },
      "id": "way/1504537590"
    },
    {
      "type": "Feature",
      "properties": {
        "@id": "way/1504537591",
        "amenity": "parking_space",
        "parking_space": "motorcycle"
      },
      "geometry": {
        "type": "Polygon",
        "coordinates": [
          [
            [
              1.9650868,
              41.4500675
            ],
            [
              1.9650745,
              41.450052
            ],
            [
              1.9650853,
              41.4500472
            ],
            [
              1.9650976,
              41.4500627
            ],
            [
              1.9650868,
              41.4500675
            ]
          ]
        ]
      },
      "id": "way/1504537591"
    },
    {
      "type": "Feature",
      "properties": {
        "@id": "way/1504537592",
        "amenity": "parking_space",
        "parking_space": "motorcycle"
      },
      "geometry": {
        "type": "Polygon",
        "coordinates": [
          [
            [
              1.9650759,
              41.4500723
            ],
            [
              1.9650637,
              41.4500569
            ],
            [
              1.9650745,
              41.450052
            ],
            [
              1.9650868,
              41.4500675
            ],
            [
              1.9650759,
              41.4500723
            ]
          ]
        ]
      },
      "id": "way/1504537592"
    },
    {
      "type": "Feature",
      "properties": {
        "@id": "way/1504537593",
        "amenity": "parking_space",
        "parking_space": "motorcycle"
      },
      "geometry": {
        "type": "Polygon",
        "coordinates": [
          [
            [
              1.9650651,
              41.4500772
            ],
            [
              1.9650528,
              41.4500617
            ],
            [
              1.9650637,
              41.4500569
            ],
            [
              1.9650759,
              41.4500723
            ],
            [
              1.9650651,
              41.4500772
            ]
          ]
        ]
      },
      "id": "way/1504537593"
    },
    {
      "type": "Feature",
      "properties": {
        "@id": "way/1504537594",
        "amenity": "parking_space",
        "parking_space": "motorcycle"
      },
      "geometry": {
        "type": "Polygon",
        "coordinates": [
          [
            [
              1.9650543,
              41.450082
            ],
            [
              1.965042,
              41.4500665
            ],
            [
              1.9650528,
              41.4500617
            ],
            [
              1.9650651,
              41.4500772
            ],
            [
              1.9650543,
              41.450082
            ]
          ]
        ]
      },
      "id": "way/1504537594"
    },
    {
      "type": "Feature",
      "properties": {
        "@id": "way/1504537595",
        "amenity": "parking_space",
        "parking_space": "motorcycle"
      },
      "geometry": {
        "type": "Polygon",
        "coordinates": [
          [
            [
              1.9650434,
              41.4500868
            ],
            [
              1.9650312,
              41.4500713
            ],
            [
              1.965042,
              41.4500665
            ],
            [
              1.9650543,
              41.450082
            ],
            [
              1.9650434,
              41.4500868
            ]
          ]
        ]
      },
      "id": "way/1504537595"
    },
    {
      "type": "Feature",
      "properties": {
        "@id": "way/1509445937",
        "amenity": "parking_space",
        "parking_space": "motorcycle"
      },
      "geometry": {
        "type": "Polygon",
        "coordinates": [
          [
            [
              1.9745927,
              41.4481423
            ],
            [
              1.9745736,
              41.4481533
            ],
            [
              1.9745654,
              41.4481454
            ],
            [
              1.9745845,
              41.4481343
            ],
            [
              1.9745927,
              41.4481423
            ]
          ]
        ]
      },
      "id": "way/1509445937"
    },
    {
      "type": "Feature",
      "properties": {
        "@id": "way/1509445938",
        "amenity": "parking_space",
        "parking_space": "motorcycle"
      },
      "geometry": {
        "type": "Polygon",
        "coordinates": [
          [
            [
              1.9746005,
              41.4481499
            ],
            [
              1.9745814,
              41.4481609
            ],
            [
              1.9745736,
              41.4481533
            ],
            [
              1.9745927,
              41.4481423
            ],
            [
              1.9746005,
              41.4481499
            ]
          ]
        ]
      },
      "id": "way/1509445938"
    },
    {
      "type": "Feature",
      "properties": {
        "@id": "way/1509445939",
        "amenity": "parking_space",
        "parking_space": "motorcycle"
      },
      "geometry": {
        "type": "Polygon",
        "coordinates": [
          [
            [
              1.9746086,
              41.4481577
            ],
            [
              1.9745895,
              41.4481688
            ],
            [
              1.9745814,
              41.4481609
            ],
            [
              1.9746005,
              41.4481499
            ],
            [
              1.9746086,
              41.4481577
            ]
          ]
        ]
      },
      "id": "way/1509445939"
    },
    {
      "type": "Feature",
      "properties": {
        "@id": "way/1511159706",
        "amenity": "parking_space",
        "parking_space": "motorcycle"
      },
      "geometry": {
        "type": "Polygon",
        "coordinates": [
          [
            [
              1.9746172,
              41.4481659
            ],
            [
              1.9745982,
              41.4481771
            ],
            [
              1.9745895,
              41.4481688
            ],
            [
              1.9746086,
              41.4481577
            ],
            [
              1.9746172,
              41.4481659
            ]
          ]
        ]
      },
      "id": "way/1511159706"
    },
    {
      "type": "Feature",
      "properties": {
        "@id": "way/1511159707",
        "amenity": "parking_space",
        "parking_space": "motorcycle"
      },
      "geometry": {
        "type": "Polygon",
        "coordinates": [
          [
            [
              1.9746255,
              41.4481739
            ],
            [
              1.9746064,
              41.448185
            ],
            [
              1.9745982,
              41.4481771
            ],
            [
              1.9746172,
              41.4481659
            ],
            [
              1.9746255,
              41.4481739
            ]
          ]
        ]
      },
      "id": "way/1511159707"
    },
    {
      "type": "Feature",
      "properties": {
        "@id": "way/1513411979",
        "amenity": "parking_space",
        "parking_space": "motorcycle"
      },
      "geometry": {
        "type": "Polygon",
        "coordinates": [
          [
            [
              1.974527,
              41.4482086
            ],
            [
              1.9745082,
              41.44822
            ],
            [
              1.9744999,
              41.4482118
            ],
            [
              1.9745187,
              41.4482004
            ],
            [
              1.974527,
              41.4482086
            ]
          ]
        ]
      },
      "id": "way/1513411979"
    }
  ]
}